index,card_num,��������,��Ч�ڿ�ʼ,��Ч�ڽ���,���û�ƴ��
0.jpg,62257583,���п�,,02/44,MICHAEL
1.jpg,62257583,���п�,,02/44,MICHAEL
2.jpg,62257583,���п�,,02/44,MICHAEL
3.jpg,62257583,���п�,,02/44,MICHAEL
4.jpg,62257583,���п�,,02/44,MICHAEL
5.jpg,62257583,���п�,,02/44,MICHAEL
6.jpg,62257583,���п�,,02/44,MICHAEL
7.jpg,62257583,���п�,,02/44,MICHAEL
8.jpg,62257583,���п�,,02/44,MICHAEL
9.jpg,62257583,���п�,,02/44,MICHAEL
10.jpg,62257583,���п�,,02/44,MICHAEL
11.jpg,62257583,���п�,,02/44,MICHAEL
12.jpg,62257583,���п�,,02/44,MICHAEL
13.jpg,62257583,���п�,,02/44,MICHAEL
14.jpg,62257583,���п�,,02/44,MICHAEL
15.jpg,62257583,���п�,,02/44,MICHAEL
16.jpg,62257583,���п�,,02/44,MICHAEL
17.jpg,62257583,���п�,,02/44,MICHAEL
18.jpg,62257583,���п�,,02/44,MICHAEL
19.jpg,62257583,���п�,,02/44,MICHAEL
20.jpg,62257583,������,,07/41,MICHAEL
21.jpg,62257583,������,,07/41,MICHAEL
22.jpg,62257583,������,,07/41,MICHAEL
23.jpg,62257583,������,,07/41,MICHAEL
24.jpg,62257583,������,,07/41,MICHAEL
25.jpg,62257511,������,,02/44,MICHAEL
26.jpg,62257511,������,,02/44,MICHAEL
27.jpg,62257511,������,,02/44,MICHAEL
28.jpg,62257511,������,,02/44,MICHAEL
29.jpg,62257511,������,,02/44,MICHAEL
30.jpg,43922500,���п�,02/39,02/44,MICHAEL
31.jpg,43922500,���п�,02/39,02/44,MICHAEL
32.jpg,43922500,���п�,02/39,02/44,MICHAEL
33.jpg,43922500,���п�,02/39,02/44,MICHAEL
34.jpg,43922500,���п�,02/39,02/44,MICHAEL
35.jpg,62257511,������,,02/44,MICHAEL
36.jpg,62257511,������,,02/44,MICHAEL
37.jpg,62257511,������,,02/44,MICHAEL
38.jpg,62257511,������,,02/44,MICHAEL
39.jpg,62257511,������,,02/44,MICHAEL
40.jpg,35688679,���п�,04/37,04/42,MICHAEL
41.jpg,35688679,���п�,04/37,04/42,MICHAEL
42.jpg,35688679,���п�,04/37,04/42,MICHAEL
43.jpg,35688679,���п�,04/37,04/42,MICHAEL
44.jpg,35688679,���п�,04/37,04/42,MICHAEL
45.jpg,62257500,���п�,,07/41,MICHAEL
46.jpg,62257500,���п�,,07/41,MICHAEL
47.jpg,62257500,���п�,,07/41,MICHAEL
48.jpg,62257500,���п�,,07/41,MICHAEL
49.jpg,62257500,���п�,,07/41,MICHAEL
50.jpg,62257575,������,,07/41,MICHAEL
51.jpg,62257575,������,,07/41,MICHAEL
52.jpg,62257575,������,,07/41,MICHAEL
53.jpg,62257575,������,,07/41,MICHAEL
54.jpg,62257575,������,,07/41,MICHAEL
55.jpg,62257600,���п�,,07/41,MICHAEL
56.jpg,62257600,���п�,,07/41,MICHAEL
57.jpg,62257600,���п�,,07/41,MICHAEL
58.jpg,62257600,���п�,,07/41,MICHAEL
59.jpg,62257600,���п�,,07/41,MICHAEL
60.jpg,62257686,���п�,,07/41,MICHAEL
61.jpg,62257686,���п�,,07/41,MICHAEL
62.jpg,62257686,���п�,,07/41,MICHAEL
63.jpg,62257686,���п�,,07/41,MICHAEL
64.jpg,62257686,���п�,,07/41,MICHAEL
65.jpg,62257686,���п�,,09/44,MICHAEL
66.jpg,62257686,���п�,,09/44,MICHAEL
67.jpg,62257686,���п�,,09/44,MICHAEL
68.jpg,62257686,���п�,,09/44,MICHAEL
69.jpg,62257686,���п�,,09/44,MICHAEL
70.jpg,62257575,������,,09/44,MICHAEL
71.jpg,62257575,������,,09/44,MICHAEL
72.jpg,62257575,������,,09/44,MICHAEL
73.jpg,62257575,������,,09/44,MICHAEL
74.jpg,62257575,������,,09/44,MICHAEL
75.jpg,62257522,���п�,,01/43,MICHAEL
76.jpg,62257522,���п�,,01/43,MICHAEL
77.jpg,62257522,���п�,,01/43,MICHAEL
78.jpg,62257522,���п�,,01/43,MICHAEL
79.jpg,62257522,���п�,,01/43,MICHAEL
80.jpg,62257575,������,,07/41 ,MICHAEL
81.jpg,62257575,������,,07/41 ,MICHAEL
82.jpg,62257575,������,,07/41 ,MICHAEL
83.jpg,62257575,������,,07/41 ,MICHAEL
84.jpg,62257575,������,,07/41 ,MICHAEL
85.jpg,62257588,������,,88/88,XIANG RI KUI
86.jpg,62257588,������,,88/88,XIANG RI KUI
87.jpg,62257588,������,,88/88,XIANG RI KUI
88.jpg,62257588,������,,88/88,XIANG RI KUI
89.jpg,62257588,������,,88/88,XIANG RI KUI
90.jpg,62257588,������,,88/88,XIANG RI KUI
91.jpg,62257588,������,,88/88,XIANG RI KUI
92.jpg,62257588,������,,88/88,XIANG RI KUI
93.jpg,62257588,������,,88/88,XIANG RI KUI
94.jpg,62257588,������,,88/88,XIANG RI KUI
95.jpg,62257588,������,,88/88,XIANG RI KUI
96.jpg,62257588,������,,88/88,XIANG RI KUI
97.jpg,62257588,������,,88/88,XIANG RI KUI
98.jpg,62257588,������,,88/88,XIANG RI KUI
99.jpg,62257588,������,,88/88,XIANG RI KUI
100.jpg,62257588,������,,88/88 ,XIANG RI KUI
101.jpg,62257588,������,,88/88 ,XIANG RI KUI
102.jpg,62257588,������,,88/88 ,XIANG RI KUI
103.jpg,62257588,������,,88/88 ,XIANG RI KUI
104.jpg,62257588,������,,88/88 ,XIANG RI KUI
105.jpg,62257588,������,,88/88,XIANG RI KUI
106.jpg,62257588,������,,88/88,XIANG RI KUI
107.jpg,62257588,������,,88/88,XIANG RI KUI
108.jpg,62257588,������,,88/88,XIANG RI KUI
109.jpg,62257588,������,,88/88,XIANG RI KUI
110.jpg,62257688,������,,88/88 ,XIANG RI KUI
111.jpg,62257688,������,,88/88 ,XIANG RI KUI
112.jpg,62257688,������,,88/88 ,XIANG RI KUI
113.jpg,62257688,������,,88/88 ,XIANG RI KUI
114.jpg,62257688,������,,88/88 ,XIANG RI KUI
115.jpg,43926088,���п�,88/88,88/88,XIANG RI KUI
116.jpg,43926088,���п�,88/88,88/88,XIANG RI KUI
117.jpg,43926088,���п�,88/88,88/88,XIANG RI KUI
118.jpg,43926088,���п�,88/88,88/88,XIANG RI KUI
119.jpg,43926088,���п�,88/88,88/88,XIANG RI KUI
120.jpg,62258188,������,,88/88,XIANG RI KUI
121.jpg,62258188,������,,88/88,XIANG RI KUI
122.jpg,62258188,������,,88/88,XIANG RI KUI
123.jpg,62258188,������,,88/88,XIANG RI KUI
124.jpg,62258188,������,,88/88,XIANG RI KUI
125.jpg,52364988,������,00/00,00/00,XIAO ZHAO
126.jpg,52364988,������,00/00,00/00,XIAO ZHAO
127.jpg,52364988,������,00/00,00/00,XIAO ZHAO
128.jpg,52364988,������,00/00,00/00,XIAO ZHAO
129.jpg,52364988,������,00/00,00/00,XIAO ZHAO
130.jpg,52364988,������,00/00,00/00,XIANG RI KUI
131.jpg,52364988,������,00/00,00/00,XIANG RI KUI
132.jpg,52364988,������,00/00,00/00,XIANG RI KUI
133.jpg,52364988,������,00/00,00/00,XIANG RI KUI
134.jpg,52364988,������,00/00,00/00,XIANG RI KUI
135.jpg,62257588,������,,88/88,XIANG RI KUI
136.jpg,62257588,������,,88/88,XIANG RI KUI
137.jpg,62257588,������,,88/88,XIANG RI KUI
138.jpg,62257588,������,,88/88,XIANG RI KUI
139.jpg,62257588,������,,88/88,XIANG RI KUI
140.jpg,62257688,���п�,,88/88,XIANG RI KUI
141.jpg,62257688,���п�,,88/88,XIANG RI KUI
142.jpg,62257688,���п�,,88/88,XIANG RI KUI
143.jpg,62257688,���п�,,88/88,XIANG RI KUI
144.jpg,62257688,���п�,,88/88,XIANG RI KUI
145.jpg,43926088,���п�,88/88,88/88,XIANG RI KUI
146.jpg,43926088,���п�,88/88,88/88,XIANG RI KUI
147.jpg,43926088,���п�,88/88,88/88,XIANG RI KUI
148.jpg,43926088,���п�,88/88,88/88,XIANG RI KUI
149.jpg,43926088,���п�,88/88,88/88,XIANG RI KUI
150.jpg,62257688,������,,88/88,XIANG RI KUI
151.jpg,62257688,������,,88/88,XIANG RI KUI
152.jpg,62257688,������,,88/88,XIANG RI KUI
153.jpg,62257688,������,,88/88,XIANG RI KUI
154.jpg,62257688,������,,88/88,XIANG RI KUI
155.jpg,62257688,������,,88/88,XIANG RI KUI
156.jpg,62257688,������,,88/88,XIANG RI KUI
157.jpg,62257688,������,,88/88,XIANG RI KUI
158.jpg,62257688,������,,88/88,XIANG RI KUI
159.jpg,62257688,������,,88/88,XIANG RI KUI
160.jpg,62257688,������,,88/88,XIAO ZHAO
161.jpg,62257688,������,,88/88,XIAO ZHAO
162.jpg,62257688,������,,88/88,XIAO ZHAO
163.jpg,62257688,������,,88/88,XIAO ZHAO
164.jpg,62257688,������,,88/88,XIAO ZHAO
165.jpg,62257688,������,,88/88,XIAO ZHAO
166.jpg,62257688,������,,88/88,XIAO ZHAO
167.jpg,62257688,������,,88/88,XIAO ZHAO
168.jpg,62257688,������,,88/88,XIAO ZHAO
169.jpg,62257688,������,,88/88,XIANG RI KUI
170.jpg,62257688,������,,88/88,XIANG RI KUI
171.jpg,62257688,������,,88/88,XIANG RI KUI
172.jpg,62257688,������,,88/88,XIANG RI KUI
173.jpg,62257688,������,,88/88,XIANG RI KUI
174.jpg,62257588,������,,88/88,XIANG RI KUI
175.jpg,62257588,������,,88/88,XIANG RI KUI
176.jpg,62257588,������,,88/88,XIANG RI KUI
177.jpg,62257588,������,,88/88,XIANG RI KUI
178.jpg,62257588,������,,88/88,XIANG RI KUI
179.jpg,62257588,������,,88/88,XIANG RI KUI
180.jpg,62257588,������,,88/88,XIANG RI KUI
181.jpg,62257588,������,,88/88,XIANG RI KUI
182.jpg,62257588,������,,88/88,XIANG RI KUI
183.jpg,62257588,������,,88/88,XIANG RI KUI
184.jpg,62257688,���п�,,88/88,XIANG RI KUI
185.jpg,62257688,���п�,,88/88,XIANG RI KUI
186.jpg,62257688,���п�,,88/88,XIANG RI KUI
187.jpg,62257688,���п�,,88/88,XIANG RI KUI
188.jpg,62257688,���п�,,88/88,XIANG RI KUI
189.jpg,62257588,������,,88/88,XIANG RI KUI
190.jpg,62257588,������,,88/88,XIANG RI KUI
191.jpg,62257588,������,,88/88,XIANG RI KUI
192.jpg,62257588,������,,88/88,XIANG RI KUI
193.jpg,62257588,������,,88/88,XIANG RI KUI
194.jpg,,������,,��,��
195.jpg,,������,,��,��
196.jpg,,������,,��,��
197.jpg,,������,,��,��
198.jpg,,������,,��,��
199.jpg,,������,,��,��
200.jpg,,������,,��,��
201.jpg,,������,,��,��
202.jpg,,������,,��,��
203.jpg,,������,,��,��
204.jpg,,���п�,,��,��
205.jpg,,���п�,,��,��
206.jpg,,���п�,,��,��
207.jpg,,���п�,,��,��
208.jpg,,���п�,,��,��
209.jpg,,������,,��,��
210.jpg,,������,,��,��
211.jpg,,������,,��,��
212.jpg,,������,,��,��
213.jpg,,������,,��,��
214.jpg,,������,,��,��
215.jpg,,������,,��,��
216.jpg,,������,,��,��
217.jpg,,������,,��,��
218.jpg,,������,,��,��
219.jpg,,���п�,,��,��
220.jpg,,���п�,,��,��
221.jpg,,���п�,,��,��
222.jpg,,���п�,,��,��
223.jpg,,���п�,,��,��
224.jpg,,������,,��,��
225.jpg,,������,,��,��
226.jpg,,������,,��,��
227.jpg,,������,,��,��
228.jpg,,������,,��,��
229.jpg,,���п�,��,��,��
230.jpg,,���п�,��,��,��
231.jpg,,���п�,��,��,��
232.jpg,,���п�,��,��,��
233.jpg,,���п�,��,��,��
234.jpg,,������,��,��,��
235.jpg,,������,��,��,��
236.jpg,,������,��,��,��
237.jpg,,������,��,��,��
238.jpg,,������,��,��,��
239.jpg,,������,��,��,��
240.jpg,,������,��,��,��
241.jpg,,������,��,��,��
242.jpg,,������,��,��,��
243.jpg,,������,��,��,��
244.jpg,,������,,,
245.jpg,,������,,,
246.jpg,,������,,,
247.jpg,,������,,,
248.jpg,,������,,,
249.jpg,,������,,,
250.jpg,,������,,,
251.jpg,,������,,,
252.jpg,,������,,,
253.jpg,,������,,,
254.jpg,62258188,������,,00/00,XIANG RI KUI
255.jpg,62258188,������,,00/00,XIANG RI KUI
256.jpg,62258188,������,,00/00,XIANG RI KUI
257.jpg,62258188,������,,00/00,XIANG RI KUI
258.jpg,62258188,������,,00/00,XIANG RI KUI
259.jpg,62257688,������,,00/00,XIANG RI KUI
260.jpg,62257688,������,,00/00,XIANG RI KUI
261.jpg,62257688,������,,00/00,XIANG RI KUI
262.jpg,62257688,������,,00/00,XIANG RI KUI
263.jpg,62257688,������,,00/00,XIANG RI KUI
264.jpg,62257688,������,,00/00,XIANG RI KUI
265.jpg,62257688,������,,00/00,XIANG RI KUI
266.jpg,62257688,������,,00/00,XIANG RI KUI
267.jpg,62257688,������,,00/00,XIANG RI KUI
268.jpg,62257688,������,,00/00,XIANG RI KUI
269.jpg,62257588,������,,88/88,XIANG RI KUI
270.jpg,62257588,������,,88/88,XIANG RI KUI
271.jpg,62257588,������,,88/88,XIANG RI KUI
272.jpg,62257588,������,,88/88,XIANG RI KUI
273.jpg,62257588,������,,88/88,XIANG RI KUI
274.jpg,62257588,���п�,,88/88,CARDHOLDER NAME
275.jpg,62257588,���п�,,88/88,CARDHOLDER NAME
276.jpg,62257588,���п�,,88/88,CARDHOLDER NAME
277.jpg,62257588,���п�,,88/88,CARDHOLDER NAME
278.jpg,62257588,���п�,,88/88,CARDHOLDER NAME
279.jpg,62257688,������,,88/88,CARDHOLDER NAME
280.jpg,62257688,������,,88/88,CARDHOLDER NAME
281.jpg,62257688,������,,88/88,CARDHOLDER NAME
282.jpg,62257688,������,,88/88,CARDHOLDER NAME
283.jpg,62257688,������,,88/88,CARDHOLDER NAME
284.jpg,62257588,���п�,,88/88,CARDHOLDER NAME
285.jpg,62257588,���п�,,88/88,CARDHOLDER NAME
286.jpg,62257588,���п�,,88/88,CARDHOLDER NAME
287.jpg,62257588,���п�,,88/88,CARDHOLDER NAME
288.jpg,62257588,���п�,,88/88,CARDHOLDER NAME
289.jpg,62257588,������,,00/00,XIANG RI KUI
290.jpg,62257588,������,,00/00,XIANG RI KUI
291.jpg,62257588,������,,00/00,XIANG RI KUI
292.jpg,62257588,������,,00/00,XIANG RI KUI
293.jpg,62257588,������,,00/00,XIANG RI KUI
294.jpg,62257588,������,,88/88,XIANG RI KUI
295.jpg,62257588,������,,88/88,XIANG RI KUI
296.jpg,62257588,������,,88/88,XIANG RI KUI
297.jpg,62257588,������,,88/88,XIANG RI KUI
298.jpg,62257588,������,,88/88,XIANG RI KUI
299.jpg,62257588,������,,88/88,XIANG RI KUI
300.jpg,62257588,������,,88/88,XIANG RI KUI
301.jpg,62257588,������,,88/88,XIANG RI KUI
302.jpg,62257588,������,,88/88,XIANG RI KUI
303.jpg,62257588,������,,88/88,XIANG RI KUI
304.jpg,62257588,������,,88/88,XIANG RI KUI
305.jpg,62257588,������,,88/88,XIANG RI KUI
306.jpg,62257588,������,,88/88,XIANG RI KUI
307.jpg,62257588,������,,88/88,XIANG RI KUI
308.jpg,62257588,������,,88/88,XIANG RI KUI
309.jpg,45146188,������,88/88,88/88,XIANG RI KUI
310.jpg,45146188,������,88/88,88/88,XIANG RI KUI
311.jpg,45146188,������,88/88,88/88,XIANG RI KUI
312.jpg,45146188,������,88/88,88/88,XIANG RI KUI
313.jpg,45146188,������,88/88,88/88,XIANG RI KUI
314.jpg,62257583,������,,88/88,XIANGRIKUI
315.jpg,62257583,������,,88/88,XIANGRIKUI
316.jpg,62257583,������,,88/88,XIANGRIKUI
317.jpg,62257583,������,,88/88,XIANGRIKUI
318.jpg,62257583,������,,88/88,XIANGRIKUI
319.jpg,62257588,������,,00/00,XIANG RIKUI
320.jpg,62257588,������,,00/00,XIANG RIKUI
321.jpg,62257588,������,,00/00,XIANG RIKUI
322.jpg,62257588,������,,00/00,XIANG RIKUI
323.jpg,62257588,������,,00/00,XIANG RIKUI
324.jpg,62257588,������,,88/88,XIANG RIKUI
325.jpg,62257588,������,,88/88,XIANG RIKUI
326.jpg,62257588,������,,88/88,XIANG RIKUI
327.jpg,62257588,������,,88/88,XIANG RIKUI
328.jpg,62257588,������,,88/88,XIANG RIKUI
329.jpg,62257588,������,,00/00,XIANG RIKUI
330.jpg,62257588,������,,00/00,XIANG RIKUI
331.jpg,62257588,������,,00/00,XIANG RIKUI
332.jpg,62257588,������,,00/00,XIANG RIKUI
333.jpg,62257588,������,,00/00,XIANG RIKUI
334.jpg,52364988,���п�,88/88,88/88,XIANG RI KUI
335.jpg,52364988,���п�,88/88,88/88,XIANG RI KUI
336.jpg,52364988,���п�,88/88,88/88,XIANG RI KUI
337.jpg,52364988,���п�,88/88,88/88,XIANG RI KUI
338.jpg,52364988,���п�,88/88,88/88,XIANG RI KUI
339.jpg,62257588,������,,88/88,XIANG RI KUI
340.jpg,62257588,������,,88/88,XIANG RI KUI
341.jpg,62257588,������,,88/88,XIANG RI KUI
342.jpg,62257588,������,,88/88,XIANG RI KUI
343.jpg,62257588,������,,88/88,XIANG RI KUI
344.jpg,62257588,������,,88/88,XIANG RI KUI
345.jpg,62257588,������,,88/88,XIANG RI KUI
346.jpg,62257588,������,,88/88,XIANG RI KUI
347.jpg,62257588,������,,88/88,XIANG RI KUI
348.jpg,62257588,������,,88/88,XIANG RI KUI
349.jpg,62257588,������,,88/88,XIANG RI KUI
350.jpg,62257588,������,,88/88,XIANG RI KUI
351.jpg,62257588,������,,88/88,XIANG RI KUI
352.jpg,62257588,������,,88/88,XIANG RI KUI
353.jpg,62257588,������,,88/88,XIANG RI KUI
354.jpg,62257688,������,,88/88,XIANG RI KUI
355.jpg,62257688,������,,88/88,XIANG RI KUI
356.jpg,62257688,������,,88/88,XIANG RI KUI
357.jpg,62257688,������,,88/88,XIANG RI KUI
358.jpg,62257688,������,,88/88,XIANG RI KUI
359.jpg,62257588,������,,00/00,XIANG RI KUI
360.jpg,62257588,������,,00/00,XIANG RI KUI
361.jpg,62257588,������,,00/00,XIANG RI KUI
362.jpg,62257588,������,,00/00,XIANG RI KUI
363.jpg,62257588,������,,00/00,XIANG RI KUI
364.jpg,62257588,������,,00/00,XIANG RI KUI
365.jpg,62257588,������,,00/00,XIANG RI KUI
366.jpg,62257588,������,,00/00,XIANG RI KUI
367.jpg,62257588,������,,00/00,XIANG RI KUI
368.jpg,62257588,������,,00/00,XIANG RI KUI
369.jpg,62257588,������,,00/00,XIANG RI KUI
370.jpg,62257588,������,,00/00,XIANG RI KUI
371.jpg,62257588,������,,00/00,XIANG RI KUI
372.jpg,62257588,������,,00/00,XIANG RI KUI
373.jpg,62257588,������,,00/00,XIANG RI KUI
374.jpg,62257588,������,,88/88,XIANG RI KUI
375.jpg,62257588,������,,88/88,XIANG RI KUI
376.jpg,62257588,������,,88/88,XIANG RI KUI
377.jpg,62257588,������,,88/88,XIANG RI KUI
378.jpg,62257588,������,,88/88,XIANG RI KUI
379.jpg,62257588,������,,88/88,XIANG RI KUI
380.jpg,62257588,������,,88/88,XIANG RI KUI
381.jpg,62257588,������,,88/88,XIANG RI KUI
382.jpg,62257588,������,,88/88,XIANG RI KUI
383.jpg,62257588,������,,88/88,XIANG RI KUI
,,,,,
385.jpg,,���п�,,��,��
386.jpg,,���п�,,��,��
387.jpg,,���п�,,��,��
388.jpg,,���п�,,��,��
389.jpg,,���п�,,��,��
390.jpg,45146188,������,88/88,88/88,XIANG RI KUI
391.jpg,45146188,������,88/88,88/88,XIANG RI KUI
392.jpg,45146188,������,88/88,88/88,XIANG RI KUI
393.jpg,45146188,������,88/88,88/88,XIANG RI KUI
394.jpg,45146188,������,88/88,88/88,XIANG RI KUI
395.jpg,62257683,������,,01/43,MICHAEL
396.jpg,62257683,������,,01/43,MICHAEL
397.jpg,62257683,������,,01/43,MICHAEL
398.jpg,62257683,������,,01/43,MICHAEL
399.jpg,62257683,������,,01/43,MICHAEL
400.jpg,62257683,������,,01/43,MICHAEL
401.jpg,62257683,������,,01/43,MICHAEL
402.jpg,62257683,������,,01/43,MICHAEL
403.jpg,62257683,������,,01/43,MICHAEL
404.jpg,62257683,������,,01/43,MICHAEL
405.jpg,62257683,������,,01/43,MICHAEL
406.jpg,62257683,������,,01/43,MICHAEL
407.jpg,62257683,������,,01/43,MICHAEL
408.jpg,62257683,������,,01/43,MICHAEL
409.jpg,,���п�,,,
410.jpg,,���п�,,,
411.jpg,,���п�,,,
412.jpg,,���п�,,,
413.jpg,,���п�,,,
414.jpg,62257688,������,,88/88,XIANG RI KUI
415.jpg,62257688,������,,88/88,XIANG RI KUI
416.jpg,62257688,������,,88/88,XIANG RI KUI
417.jpg,62257688,������,,88/88,XIANG RI KUI
418.jpg,62257688,������,,88/88,XIANG RI KUI
419.jpg,62257688,������,,88/88,XIANG RI KUI
420.jpg,62257688,������,,88/88,XIANG RI KUI
421.jpg,62257688,������,,88/88,XIANG RI KUI
422.jpg,62257688,������,,88/88,XIANG RI KUI
423.jpg,62257688,������,,88/88,XIANG RI KUI
424.jpg,62257688,������,,88/88,XIANG RI KUI
425.jpg,62257688,������,,88/88,XIANG RI KUI
426.jpg,62257688,������,,88/88,XIANG RI KUI
427.jpg,62257688,������,,88/88,XIANG RI KUI
428.jpg,62257688,������,,88/88,XIANG RI KUI
429.jpg,62257588,������,,88/88,XIANG RI KUI
430.jpg,62257588,������,,88/88,XIANG RI KUI
431.jpg,62257588,������,,88/88,XIANG RI KUI
432.jpg,62257588,������,,88/88,XIANG RI KUI
433.jpg,62257588,������,,88/88,XIANG RI KUI
434.jpg,62257588,������,,88/88,XIANG RI KUI
435.jpg,62257588,������,,88/88,XIANG RI KUI
436.jpg,62257588,������,,88/88,XIANG RI KUI
437.jpg,62257588,������,,88/88,XIANG RI KUI
438.jpg,62257588,������,,88/88,XIANG RI KUI
439.jpg,62257588,������,,88/88,XIANG RI KUI
440.jpg,62257588,������,,88/88,XIANG RI KUI
441.jpg,62257588,������,,88/88,XIANG RI KUI
442.jpg,62257588,������,,88/88,XIANG RI KUI
443.jpg,62257588,������,,88/88,XIANG RI KUI
444.jpg,62257588,������,,88/88,XIANG RI KUI
445.jpg,62257588,������,,88/88,XIANG RI KUI
446.jpg,62257588,������,,88/88,XIANG RI KUI
447.jpg,62257588,������,,88/88,XIANG RI KUI
448.jpg,62257588,������,,88/88,XIANG RI KUI
449.jpg,62257588,������,,88/88,XIANG RI KUI
450.jpg,62257588,������,,88/88,XIANG RI KUI
451.jpg,62257588,������,,88/88,XIANG RI KUI
452.jpg,62257588,������,,88/88,XIANG RI KUI
453.jpg,62257588,������,,88/88,XIANG RI KUI
454.jpg,62257583,������,,09/44,MICHAEL
455.jpg,62257583,������,,09/44,MICHAEL
456.jpg,62257583,������,,09/44,MICHAEL
457.jpg,62257583,������,,09/44,MICHAEL
458.jpg,62257583,������,,09/44,MICHAEL
459.jpg,62257681,������,,08/44,MICHAEL
460.jpg,62257681,������,,08/44,MICHAEL
461.jpg,62257681,������,,08/44,MICHAEL
462.jpg,62257681,������,,08/44,MICHAEL
463.jpg,62257681,������,,08/44,MICHAEL
464.jpg,62257681,������,,08/44,MICHAEL
465.jpg,62257681,������,,08/44,MICHAEL
466.jpg,62257681,������,,08/44,MICHAEL
467.jpg,62257681,������,,08/44,MICHAEL
468.jpg,62257681,������,,08/44,MICHAEL
469.jpg,62257681,������,,08/44,MICHAEL
470.jpg,62257681,������,,08/44,MICHAEL
471.jpg,62257681,������,,08/44,MICHAEL
472.jpg,62257681,������,,08/44,MICHAEL
473.jpg,62257681,������,,08/44,MICHAEL
474.jpg,62258888,������,,88/88,XIANG RI KUI
475.jpg,62258888,������,,88/88,XIANG RI KUI
476.jpg,62258888,������,,88/88,XIANG RI KUI
477.jpg,62258888,������,,88/88,XIANG RI KUI
478.jpg,62258888,������,,88/88,XIANG RI KUI
479.jpg,62257688,������,,88/88,XIANG RI KUI
480.jpg,62257688,������,,88/88,XIANG RI KUI
481.jpg,62257688,������,,88/88,XIANG RI KUI
482.jpg,62257688,������,,88/88,XIANG RI KUI
483.jpg,62257688,������,,88/88,XIANG RI KUI
484.jpg,62257575,������,,06/43,MICHAEL
485.jpg,62257575,������,,06/43,MICHAEL
486.jpg,62257575,������,,06/43,MICHAEL
487.jpg,43926092,���п�,07/36,07/41,MICHAEL
488.jpg,43926092,���п�,07/36,07/41,MICHAEL
489.jpg,43926092,���п�,07/36,07/41,MICHAEL
490.jpg,43926092,���п�,07/36,07/41,MICHAEL
491.jpg,43926092,���п�,07/36,07/41,MICHAEL
492.jpg,62257521,������,,09/44,MICHAEL
493.jpg,62257521,������,,09/44,MICHAEL
494.jpg,62257521,������,,09/44,MICHAEL
495.jpg,62257521,������,,09/44,MICHAEL
496.jpg,62257521,������,,09/44,MICHAEL
497.jpg,62257523,������,,01/43,MICHAEL
498.jpg,62257523,������,,01/43,MICHAEL
499.jpg,62257523,������,,01/43,MICHAEL
500.jpg,62257523,������,,01/43,MICHAEL
501.jpg,62257523,������,,01/43,MICHAEL
502.jpg,62258193,������,,08/44,MICHAEL
503.jpg,62258193,������,,08/44,MICHAEL
504.jpg,62258193,������,,08/44,MICHAEL
505.jpg,62258193,������,,08/44,MICHAEL
506.jpg,62258193,������,,08/44,MICHAEL
507.jpg,62257688,������,,88/88,XIANG RI KUI
508.jpg,62257688,������,,88/88,XIANG RI KUI
509.jpg,62257688,������,,88/88,XIANG RI KUI
510.jpg,62257688,������,,88/88,XIANG RI KUI
511.jpg,62257688,������,,88/88,XIANG RI KUI
512.jpg,,������,,,
513.jpg,,������,,,
514.jpg,,������,,,
515.jpg,,������,,,
516.jpg,,������,,,
517.jpg,62257588,������,,88/88,XIANG RI KUI
518.jpg,62257588,������,,88/88,XIANG RI KUI
519.jpg,62257588,������,,88/88,XIANG RI KUI
520.jpg,62257588,������,,88/88,XIANG RI KUI
521.jpg,62257588,������,,88/88,XIANG RI KUI
522.jpg,,������,,,
523.jpg,,������,,,
524.jpg,,������,,,
525.jpg,,������,,,
526.jpg,,������,,,
527.jpg,62257688,������,,88/88,XIANG RI KUI
528.jpg,62257688,������,,88/88,XIANG RI KUI
529.jpg,62257688,������,,88/88,XIANG RI KUI
530.jpg,62257688,������,,88/88,XIANG RI KUI
531.jpg,62257688,������,,88/88,XIANG RI KUI
532.jpg,62257688,������,,88/88,XIANG RI KUI
533.jpg,62257688,������,,88/88,XIANG RI KUI
534.jpg,62257688,������,,88/88,XIANG RI KUI
535.jpg,62257688,������,,88/88,XIANG RI KUI
536.jpg,62257688,������,,88/88,XIANG RI KUI
537.jpg,62258888,������,,88/88,XIANG RI KUI
538.jpg,62258888,������,,88/88,XIANG RI KUI
539.jpg,62258888,������,,88/88,XIANG RI KUI
540.jpg,62258888,������,,88/88,XIANG RI KUI
541.jpg,62258888,������,,88/88,XIANG RI KUI
542.jpg,62258888,������,,88/88,XIANG RI KUI
543.jpg,62258888,������,,88/88,XIANG RI KUI
544.jpg,62258888,������,,88/88,XIANG RI KUI
545.jpg,62258888,������,,88/88,XIANG RI KUI
546.jpg,62258888,������,,88/88,XIANG RI KUI
547.jpg,62258888,������,,88/88,XIANG RI KUI
548.jpg,62258888,������,,88/88,XIANG RI KUI
549.jpg,62258888,������,,88/88,XIANG RI KUI
550.jpg,62258888,������,,88/88,XIANG RI KUI
551.jpg,62258888,������,,88/88,XIANG RI KUI
552.jpg,,���п�,,,
553.jpg,,���п�,,,
554.jpg,,���п�,,,
555.jpg,,���п�,,,
556.jpg,,���п�,,,
557.jpg,35688688,���п�,88/88,88/88,XIANG RI KUI
558.jpg,35688688,���п�,88/88,88/88,XIANG RI KUI
559.jpg,35688688,���п�,88/88,88/88,XIANG RI KUI
560.jpg,35688688,���п�,88/88,88/88,XIANG RI KUI
561.jpg,35688688,���п�,88/88,88/88,XIANG RI KUI
562.jpg,62257588,������,,88/88,XIANG RI KUI
563.jpg,62257588,������,,88/88,XIANG RI KUI
564.jpg,62257588,������,,88/88,XIANG RI KUI
565.jpg,62257588,������,,88/88,XIANG RI KUI
566.jpg,62257588,������,,88/88,XIANG RI KUI
567.jpg,55922492,���п�,88/88,88/88,XIANG RI KUI
568.jpg,55922492,���п�,88/88,88/88,XIANG RI KUI
569.jpg,55922492,���п�,88/88,88/88,XIANG RI KUI
570.jpg,55922492,���п�,88/88,88/88,XIANG RI KUI
571.jpg,55922492,���п�,88/88,88/88,XIANG RI KUI
572.jpg,62257688,������,,88/88,XIAO ZHAO
573.jpg,62257688,������,,88/88,XIAO ZHAO
574.jpg,62257688,������,,88/88,XIAO ZHAO
575.jpg,62257688,������,,88/88,XIAO ZHAO
576.jpg,62257688,������,,88/88,XIAO ZHAO
577.jpg,62257688,������,,88/88,XIAO ZHAO
578.jpg,62257688,������,,88/88,XIAO ZHAO
579.jpg,62257688,������,,88/88,XIAO ZHAO
580.jpg,62257688,������,,88/88,XIAO ZHAO
581.jpg,62257688,������,,88/88,XIAO ZHAO
582.jpg,62257688,������,,88/88,XIAO ZHAO
583.jpg,62257688,������,,88/88,XIAO ZHAO
584.jpg,62257688,������,,88/88,XIAO ZHAO
585.jpg,62257688,������,,88/88,XIAO ZHAO
586.jpg,62257688,������,,88/88,XIAO ZHAO
587.jpg,62257688,������,,88/88,XIANG RI KUI
588.jpg,62257688,������,,88/88,XIANG RI KUI
589.jpg,62257688,������,,88/88,XIANG RI KUI
590.jpg,62257688,������,,88/88,XIANG RI KUI
591.jpg,62257688,������,,88/88,XIANG RI KUI
592.jpg,,������,,,
593.jpg,,������,,,
594.jpg,,������,,,
595.jpg,,������,,,
596.jpg,,������,,,
597.jpg,62257688,������,,88/88,CARDHOLDER NAME
598.jpg,62257688,������,,88/88,CARDHOLDER NAME
599.jpg,62257688,������,,88/88,CARDHOLDER NAME
600.jpg,62257688,������,,88/88,CARDHOLDER NAME
601.jpg,62257688,������,,88/88,CARDHOLDER NAME
,,,,,
603.jpg,62257688,������,,88/88,XIANG RI KUI
604.jpg,62257688,������,,88/88,XIANG RI KUI
605.jpg,62257688,������,,88/88,XIANG RI KUI
606.jpg,62257688,������,,88/88,XIANG RI KUI
607.jpg,62257688,������,,88/88,XIANG RI KUI
608.jpg,62257588,������,,00/00,XIANG RI KUI
609.jpg,62257588,������,,00/00,XIANG RI KUI
610.jpg,62257588,������,,00/00,XIANG RI KUI
611.jpg,62257588,������,,00/00,XIANG RI KUI
612.jpg,62257588,������,,00/00,XIANG RI KUI
613.jpg,62257588,������,,88/88,XIANG RI KUI
614.jpg,62257588,������,,88/88,XIANG RI KUI
615.jpg,62257588,������,,88/88,XIANG RI KUI
616.jpg,62257588,������,,88/88,XIANG RI KUI
617.jpg,62257588,������,,88/88,XIANG RI KUI
618.jpg,62257575,������,,02/44,MICHAEL
619.jpg,62257575,������,,02/44,MICHAEL
